"Notification","Thông báo"
"Area","Khu vực"
"Register","Đăng ký"
"Log in","Đăng nhập"
"Product Category","Danh mục sản phẩm"
"Search entire store here...","Nhập tên một sản phẩm"
"Home","Trang chủ"
"Category","Danh mục"
"Promotion","Khuyến mãi"
"Account","Tài khoản"
"Product portfolio","Danh mục sản phẩm"
"Show more","Xem thêm"
"Show less","Thu gọn"
"Product filter","Bộ lọc sản phẩm"
"Sort by","Sắp xếp theo"
"Sold","Đã bán"
"Rating Option","Đánh giá"
"Price Range","Khoảng giá"
"%1 Items","%1 Sản phẩm"
"Close","Đóng"
"Filter products","Lọc sản phẩm"
"Search filters","Bộ lọc tìm kiếm"
"Search results for: '%1'","Kết quả tìm kiếm '%1'"
"Price","Khoảng giá"
"Products","Sản phẩm"
"Telephone Number Of Customer Consign","Số điện thoại nhận hộ"
"Telephone Of Customer Consign","Số điện thoại nhận hộ"
"Customer Consign","Nhận hộ"
"Remove item","Xóa"
"Update Shopping Cart","Cập nhật giỏ hàng"
"Discount Code","Mã giảm giá"
"Proceed to Checkout","Tiến hành đặt hàng"
"Order Total","Thành tiền"
"Row Total","Thành tiền"
"Code voucher","Mã voucher"
"Apply Discount","Áp dụng"
"Enter discount Code","Nhập mã giảm giá"
"Enter code discount of you","Nhập mã giảm giá của bạn"
"Shopping Cart","Giỏ hàng"
"Log out","Đăng xuất"
"Copy product link","Sao chép đường dẫn sản phẩm"
"sold","đã bán"
"More Information","Thông số kỹ thuật"
"Details","Chi tiết sản phẩm"
"Reviews","Đánh giá"
"Actual video","Video thực tế"
"Download document","Tải xuống tài liệu"
"Add to Cart","Thêm vào giỏ hàng"
"Share","Chia sẻ"
"Buy now","Mua ngay"
"Qty","Số lượng"
"Write Your Own Review","Viết đánh giá của bạn"
"Choose a photo","Chọn ảnh"
"Choose a video","Chọn video"
"Be the first to review this product","Đánh giá"
"Related Products","Sản phẩm liên quan"
"Delete list from the list","Xóa khỏi danh sách"
"Contain","Bao gồm"
"Document table of contents","Mục lục tài liệu"
"Delivery information","Thông tin nhận hàng"
"Delivery address","Địa chỉ nhận hàng"
"Shipping methods","Vận chuyển"
"Do you already have an account?","Bạn đã có tài khoản chưa?"
"Register new account","Đăng ký tài khoản"
" or continue shopping by entering shipping information below"," hoặc tiếp tục mua hằng bằng cách nhập thông tin bên dưới"
"Create account","Tạo tài khoản"
"Email Address","Địa chỉ Email"
"Email address","Địa chỉ email"
"First Name","Tên"
"Last Name","Họ"
"Street Address","Địa chỉ giao hàng"
"Street Address","Địa chỉ",module,Magenest_OrderExtraInformation
"City","Tỉnh/thành phố"
"District","Quận/huyện"
"Ward","Phường/xã"
"Order Summary","Đơn hàng của bạn gồm"
"Industry","Ngành hàng"
"Login","Đăng nhập"
"Forgot Your Password?","Quên mật khẩu?"
"You already have an account with us. Sign in or continue as guest.","Bạn đã có một tài khoản với chúng tôi. Đăng nhập hoặc tiếp tục với tư cách khách."
"Please select district","Vui lòng chọn Quận/huyện"
"Please select ward","Vui lòng chọn Phường/xã"
"Please select city","Vui lòng chọn Tỉnh/thành phố"
"Order Note","Ghi chú"
"Invoice information is the same as receiving information","Xuất hóa đơn công ty"
"You can create an account after checkout.","Bạn có thể tạo một tài khoản sau khi thanh toán."
"This is a required field.","Đây là trường bắt buộc."
"Shipping Method:","Phương thức giao hàng"
"Ship To","Địa chỉ giao hàng"
"New Address","Thêm địa chỉ mới"
"Review & Payments","Hình thức thanh toán"
"Shipping","Địa chỉ giao hàng"
"Shipping Address","Địa chỉ giao hàng "
"Company","Công ty"
"Save in address book","Lưu địa chỉ"
"Items","Sản phẩm"
"Please specify a valid phone number","Vui lòng nhập số điện thoại hợp lệ"
"Delivery Time","Thời gian giao hàng"
"Ship Here","Hoàn thành",module,Magento_Checkout
"Cancel","Trở lại",module,Magento_Checkout
"Telephone","Điện thoại"
"Cart Subtotal","Tạm tính",module,Magento_Checkout
"Go back","Quay lại"
"Transport fee","Phí vận chuyển"
"Next","Tiếp theo"
"Company Name","Tên công ty"
"Company Address","Địa chỉ công ty"
"Company Email","Email công ty"
"Tax Code","Mã số thuế"
"Estimated Total","Tổng số tiền"
"Sign In","Đăng nhập"
"Set up address","Thiết lập địa chỉ"
"Complete","Hoàn thành"
"Select or enter a code","Chọn hoặc nhập mã"
"Discount code","Mã giảm giá"
"Order","Đặt hàng"
"Choose a voucher","Chọn voucher"
"Voucher code","Mã voucher"
"Submit","Áp dụng",module,Magento_Checkout
"Shipping unit (Tap to select)","Đơn vị vận chuyển (Nhấn để chọn)"
"Continue Shopping","Tiếp tục mua hàng"
"Your order","Đơn hàng của bạn gồm"
"Enter code","Nhập mã"
"Register","Đăng ký"
"Cart","Giỏ hàng"
"Search product","Tìm kiếm sản phẩm"
"Product Category","Danh mục sản phẩm"
"New","Mới"
"Show more","Xem thêm"
"Sign up for our newsletter","Đăng ký nhận tin tức từ chúng tôi"
"Your email address","Địa chỉ email của bạn"
"Cafe world","Thế giới cafe"
"Recent viewed products","Sản phẩm bạn đã xem"
"View Cart and Checkout","Xem giỏ hàng và thanh toán"
"Remove","Xóa"
"Cart Subtotal","Giá trị giỏ hàng"
"Subtotal (VAT included)","Tạm tính (đã bao gồm VAT)"
"Visit Now","Xem ngay"
"Create Account","Tạo tài khoản"
"My Account","Hồ sơ"
"Product List","Danh sách sản phẩm"
"Filter by categories","Lọc theo danh mục"
"Price Range","Khoảng giá"
"Input your email has registered","Nhập địa chỉ email đã đăng ký"
"Input password","Điền mật khẩu"
"Create New Account","Đăng ký tài khoản mới"
"Save Account","Nhớ tài khoản"
"Forgot Password","Quên mật khẩu"
"Or","Hoặc"
"Sign In with Facebook","Đăng nhập bằng Facebook"
"Sign In with Twitter","Đăng nhập bằng Twitter"
"Sign In with Google","Đăng nhập bằng Google"
"Sign In with Amazon","Đăng nhập bằng Amazon"
"Sign In with LinkedIn","Đăng nhập bằng LinkedIn"
"Sign In with Instagram","Đăng nhập bằng Instagram"
"Sign In with Pinterest","Đăng nhập bằng Pinterest"
"Sign In with Reddit","Đăng nhập bằng Reddit"
"Sign In with Line","Đăng nhập bằng Line"
"Sign In with Apple","Đăng nhập bằng Apple"
"Sign In to continue","Đăng nhập để tiếp tục"
"Member Register","Đăng ký thành viên"
"Your Account","Tài khoản của bạn"
"Personal Information","Thông tin cá nhân"
"Your Orders","Đơn hàng của bạn"
"Wish List","Danh sách sản phẩm yêu thích"
"Your Reviews","Bình luận của bạn"
"For Affiliate Account","Dành cho cộng tác viên"
"Edit Information","Sửa thông tin"
"You are not subscribed to our newsletter.","Bạn chưa đăng ký nhận thư tin tức."
"You are subscribed to our newsletter.","Bạn đã đăng ký nhận thư tin tức."
"Sign up to receive email","Đăng ký nhận thư"
"Default Billing Address","địa chỉ thanh toán (mặc định)"
"Default Shipping Address","địa chỉ giao hàng (mặc định)"
"Manage Addresses List","Quản lý danh sách địa chỉ"
"Order Code","Mã ĐH"
"Date Ordered","Ngày đặt"
"Order Status","Trạng thái ĐH"
"Order Value","Giá trị đơn hàng"
"Order Type","Loại đơn hàng"
"Phone Number","Số điện thoại"
"Enter the current password","Nhập mật khẩu hiện tại"
"Enter your new password","Nhập mật khẩu mới"
"Enter your new password again","Nhập lại mật khẩu mới"
"Confirm New Password","Xác nhận mật khẩu mới"
"Enter the password","Xác nhận mật khẩu"
"Remove from favourite","Bỏ yêu thích"
"Affiliate Programs","Các chương trình cộng tác"
"Affiliate Reports","Báo cáo cộng tác viên của bạn"
"Your Affiliate Links","Link cộng tác viên của bạn"
"Your affiliate link","Link CTV của bạn"
"My Withdrawals","Lệnh rút tiền"
"Affiliate Account","Tài khoản cộng tác viên"
"My Balance","Bảng cân đối tài chính"
"Program","Chương trình"
"Commission","% hoa hồng"
"Commission from 2nd order","% hoa hồng từ đơn hàng thứ 2"
"Commission(from 2nd order)","% hoa hồng (từ đơn hàng thứ 2)"
"Source","Nguồn"
"You have no report.","Chưa có báo cáo.",module,Amasty_Affiliate
"Number of people clicking","Số lượng người click"
"Enter the amount you want to withdraw","Nhập số tiền muốn rút"
"Submit withdrawal request","Gửi yêu cầu rút"
"List of withdrawal orders","Danh sách lệnh rút tiền"
"Withdraw at least %1","Rút tối thiểu %1"
"Completed","Hoàn thành"
"Pending","Đang chờ"
"Repeat","Lặp lại"
"Paid:","Đã trả"
"Balance:","Số dư tài khoản",module,Amasty_Affiliate
"Available:","Có thể rút",module,Amasty_Affiliate
"Minimum Payout:","Rút tổi thiểu",module,Amasty_Affiliate
"Home","Trang chủ"
"Input password","Điền mật khẩu"
"Input email","Điền email"
"Input first name","Điền họ"
"Input middle name","Điền tên đệm"
"Input last name","Điền tên đệm và tên"
"Input password again","Điền lại mật khẩu"
"Backup options","Tùy chọn sao lưu"
"Warning","Cảnh báo"
"Cancel","Hủy"
"cancel","Hủy"
"ok","Đồng ý"
"Ok","Đồng ý"
"OK","Đồng ý"
"Back","Trở lại"
"Insert Widget...","Chèn tiện ích..."
"No records found.","Không có kết quả."
"Recent items","Mặt hàng gần đây"
"Show all...","Hiển thị tất cả..."
"Please enter a number greater 0 in this field.","Vui lòng nhập số lớn hơn 0 vào trường này."
"Please select one of each ratings above.","Vui lòng chọn một trong mỗi xếp hạng ở trên."
"Please specify Url.","Vui lòng chỉ định Url."
"Method %s does not exist on jQuery.decorate","Phương thức %s không tồn tại trên jQuery.decorate"
"Close","Đóng"
"Next","Tiếp theo"
"Previous","Trở lại"
"Please wait...","Vui lòng đợi..."
"Loading...","Đang tải..."
"All ","Tất cả "
"more","hơn nữa"
"Save","Lưu"
"Translate","Dịch"
"Submit","Gửi"
"Please enter {0} words or less.","Vui lòng nhập {0} từ hoặc ít hơn."
"Please enter at least {0} words.","Vui lòng nhập ít nhất {0} từ."
"Please enter between {0} and {1} words.","Vui lòng nhâp trong khoảng {0} đến {1} từ."
"Letters or punctuation only please","Xin vui lòng chỉ viết chữ cái hoặc chấm câu"
"Letters, numbers, spaces or underscores only please","Chỉ có chữ cái, số, dấu cách hoặc dấu gạch dưới"
"Letters only please","Chỉ có chữ cái"
"No white space please","Không có khoảng trắng"
"No marginal white space please","Không có khoảng trắng bên lề"
"Your ZIP-code must be in the range 902xx-xxxx to 905-xx-xxxx","Mã ZIP của bạn phải nằm trong phạm vi 902xx-xxxx đến 905-xx-xxxx"
"A positive or negative non-decimal number please","Vui lòng sử dụng số không thập phân dương hoặc số âm"
"The specified vehicle identification number (VIN) is invalid.","Số nhận dạng xe được chỉ định (VIN) không hợp lệ."
"Please enter a correct date","Vui lòng nhập một ngày chính xác"
"Please enter a valid time, between 00:00 and 23:59","Vui lòng nhập thời gian hợp lệ, từ 00:00 đến 23:59"
"Please enter a valid time, between 00:00 am and 12:00 pm","Vui lòng nhập thời gian hợp lệ, từ 00:00 sáng đến 12:00 tối"
"Please specify a valid phone number","Số điện thoại không hợp lệ"
"Please specify a valid mobile number","Số điện thoại không hợp lệ"
"Please enter at least {0} characters","Vui lòng nhập ít nhất {0} ký tự"
"Please enter a valid credit card number.","Vui lòng nhập số thẻ tín dụng hợp lệ."
"Please enter a valid IP v4 address.","Vui lòng nhập địa chỉ IP v4 hợp lệ."
"Please enter a valid IP v6 address.","Vui lòng nhập một địa chỉ IPv6 hợp lệ."
"Invalid format.","Định dạng không hợp lệ."
"HTML tags are not allowed.","Thẻ HTML không được phép."
"Please select an option.","Vui lòng chọn một tùy chọn."
"Empty Value.","Giá trị trống."
"Please use only letters (a-z or A-Z), numbers (0-9) or spaces only in this field.","Vui lòng chỉ sử dụng các chữ cái (a-z hoặc A-Z), số (0-9) hoặc khoảng trắng chỉ trong trường này."
"Please use only letters (a-z or A-Z), numbers (0-9) or underscore (_) in this field, and the first character should be a letter.","Vui lòng chỉ sử dụng các chữ cái (a-z hoặc A-Z), số (0-9) hoặc gạch dưới (_) trong trường này và ký tự đầu tiên phải là một chữ cái."
"Please use only letters (a-z or A-Z), numbers (0-9), spaces and ""#"" in this field.","Vui lòng chỉ sử dụng các chữ cái (a-z hoặc A-Z), số (0-9), dấu cách và ""#"" trong trường này."
"Please enter a valid phone number. For example (123) 456-7890 or 123-456-7890.","Xin vui lòng nhập một số điện thoại hợp lệ. Ví dụ (123) 456-7890 hoặc 123-456-7890."
"Please enter a valid fax number (Ex: 123-456-7890).","Vui lòng nhập số fax hợp lệ (Ví dụ: 123-456-7890)."
"Please enter a valid email address (Ex: johndoe@domain.com).","Vui lòng nhập một địa chỉ email hợp lệ (Ví dụ: johndoe@domain.com)."
"Please enter 6 or more characters. Leading and trailing spaces will be ignored.","Vui lòng nhập 6 ký tự trở lên. Khoảng trắng đầu và dấu sẽ được bỏ qua."
"Please enter 7 or more characters, using both numeric and alphabetic.","Vui lòng nhập 7 ký tự trở lên, sử dụng cả số và chữ cái."
"Minimum length of this field must be equal or greater than %1 symbols. Leading and trailing spaces will be ignored.","Độ dài tối thiểu của trường này phải bằng hoặc lớn hơn %1. Khoảng trắng đầu và dấu sẽ được bỏ qua."
"Minimum of different classes of characters in password is %1. Classes of characters: Lower Case, Upper Case, Digits, Special Characters.","Tối thiểu số kiểu kí tự khác nhau trong mật khẩu là %1. Các kiểu kí tự: Chữ thường, Chữ hoa, Chữ số, Kí tự đặc biệt."
"Please enter a valid URL. Protocol is required (http://, https:// or ftp://).","Vui lòng nhập một URL hợp lệ. Giao thức là bắt buộc (http://, https:// hoặc ftp://)."
"Please enter a valid URL. For example http://www.example.com or www.example.com.","Vui lòng nhập một URL hợp lệ. Ví dụ: http://www.example.com hoặc www.example.com."
"Please enter a valid XML-identifier (Ex: something_1, block5, id-4).","Vui lòng nhập một mã định danh XML hợp lệ (Ví dụ: Something_1, block5, id-4)."
"Please enter a valid social security number (Ex: 123-45-6789).","Vui lòng nhập số an sinh xã hội hợp lệ (Ví dụ: 123-45-6789)."
"Please enter a valid zip code (Ex: 90602 or 90602-1234).","Vui lòng nhập mã zip hợp lệ (Ví dụ: 90602 hoặc 90602-1234)."
"Please use this date format: dd/mm/yyyy. For example 17/03/2006 for the 17th of March, 2006.","Vui lòng sử dụng định dạng ngày này: dd/mm/yyyy. Ví dụ: 17/03/2006 cho ngày 17 tháng 3 năm 2006."
"Please enter a valid $ amount. For example $100.00.","Vui lòng nhập số tiền $ hợp lệ. Ví dụ $100,00."
"Please enter a number 0 or greater in this field.","Vui lòng nhập một số 0 hoặc lớn hơn vào trường này."
"Please enter a number greater than 0 in this field.","Vui lòng nhập một số lớn hơn 0 vào trường này."
"Please input a valid CSS-length (Ex: 100px, 77pt, 20em, .5ex or 50%).","Vui lòng nhập độ dài CSS hợp lệ (Ví dụ: 100px, 77pt, 20em, .5ex hoặc 50%)."
"Please enter a valid number in this field.","Vui lòng nhập một số hợp lệ."
"The value is not within the specified range.","Giá trị không nằm trong phạm vi được chỉ định."
"Please use letters only (a-z or A-Z) in this field.","Vui lòng chỉ sử dụng các chữ cái (a-z hoặc A-Z) trong trường này."
"Please use only letters (a-z), numbers (0-9) or underscore (_) in this field, and the first character should be a letter.","Vui lòng chỉ sử dụng các chữ cái (a-z), số (0-9) hoặc gạch dưới (_) trong trường này và ký tự đầu tiên phải là một chữ cái."
"Please use only letters (a-z or A-Z) or numbers (0-9) in this field. No spaces or other characters are allowed.","Vui lòng chỉ sử dụng các chữ cái (a-z hoặc A-Z) hoặc số (0-9) trong trường này. Không có khoảng trắng hoặc ký tự khác được cho phép."
"Please enter a valid date.","Vui lòng nhập một ngày hợp lệ."
"Make sure the To Date is later than or the same as the From Date.","Đảm bảo Ngày đến muộn hơn hoặc giống với Ngày từ."
"Please make sure your passwords match.","Hãy chắc chắn rằng mật khẩu của bạn phù hợp."
"Please enter a valid URL Key (Ex: ""example-page"", ""example-page.html"" or ""anotherlevel/example-page"").","Vui lòng nhập Khóa URL hợp lệ (Ví dụ: ""example-page"", ""example-page.html"" hoặc ""Anotherlevel/example-page"")."
"Please enter a valid zip code.","Vui lòng nhập một mã zip hợp lệ."
"Please select one of the options above.","Vui lòng chọn một trong các tùy chọn ở trên."
"Please select State/Province.","Vui lòng chọn"
"Please select a file.","Vui lòng chọn một tập tin."
"The field isn't complete.","Trường không hoàn thành."
"This is a required field.","Đây là 1 trường bắt buộc."
"Please select one of the options.","Vui lòng chọn một trong các tùy chọn."
"Please enter a value less than or equal to %s.","Vui lòng nhập một giá trị nhỏ hơn hoặc bằng %s."
"Please enter a value greater than or equal to %s.","Vui lòng nhập giá trị lớn hơn hoặc bằng %s."
"Please enter valid email addresses, separated by commas. For example, johndoe@domain.com, johnsmith@domain.com.","Vui lòng nhập địa chỉ email hợp lệ, cách nhau bằng dấu phẩy. Ví dụ: johndoe@domain.com, johnsmith@domain.com."
"Card type does not match credit card number.","Loại thẻ không khớp với số thẻ tín dụng."
"Credit card number does not match credit card type.","Số thẻ tín dụng không khớp với loại thẻ tín dụng."
"Incorrect credit card expiration date.","Ngày hết hạn thẻ tín dụng không chính xác."
"Please enter a valid credit card verification number.","Vui lòng nhập số xác minh thẻ tín dụng hợp lệ."
"Please enter issue number or start date for switch/solo card type.","Vui lòng nhập số phát hành hoặc ngày bắt đầu cho loại thẻ chuyển đổi/solo."
"Please enter less or equal than %1 symbols.","Vui lòng nhập ít hơn hoặc bằng ký hiệu %1."
"Please enter more or equal than %1 symbols.","Vui lòng nhập nhiều hơn hoặc bằng ký hiệu %1."
"Please enter positive number in this field.","Vui lòng nhập số dương trong lĩnh vực này."
"Please enter a valid value, ex: 10,20,30","Vui lòng nhập một giá trị hợp lệ, ví dụ: 10,20,30"
"Please enter a valid value from list","Vui lòng nhập một giá trị hợp lệ từ danh sách"
"Please enter valid SKU key.","Vui lòng nhập khóa SKU hợp lệ."
"Please enter a valid number.","Vui lòng nhập một số hợp lệ."
"This is required field","Đây là 1 trường bắt buộc"
"Admin is a required field in each row.","Quản trị viên là một trường bắt buộc trong mỗi hàng."
"Password cannot be the same as email address.","Mật khẩu không thể giống như địa chỉ email."
"Please fix this field.","Vui lòng sửa phạm vi này."
"Please enter a valid email address.","Vui lòng nhập một địa chỉ email hợp lệ."
"Please remove invalid characters: {0}.","Vui lòng xóa các ký tự không hợp lệ: {0}."
"Please enter a valid URL.","Vui lòng nhập một URL hợp lệ."
"Please enter a valid date (ISO).","Vui lòng nhập một ngày hợp lệ (ISO)."
"Please enter only digits.","Vui lòng chỉ nhập các chữ số."
"Please enter the same value again.","Vui lòng nhập lại cùng một giá trị."
"Please enter no more than {0} characters.","Vui lòng nhập không quá {0} ký tự."
"Please enter at least {0} characters.","Vui lòng nhập ít nhất {0} ký tự."
"Please enter a value between {0} and {1} characters long.","Vui lòng nhập một giá trị trong khoảng từ {0} đến {1} ký tự."
"Please enter a value between {0} and {1}.","Vui lòng nhập một giá trị trong khoảng từ {0} đến {1}."
"Please enter a value less than or equal to {0}.","Vui lòng nhập một giá trị nhỏ hơn hoặc bằng {0}."
"Please enter a value greater than or equal to {0}.","Vui lòng nhập giá trị lớn hơn hoặc bằng {0}."
"Please specify the quantity of product(s).","Vui lòng ghi rõ số lượng sản phẩm."
"Please enter a date between %min and %max.","Vui lòng nhập một ngày giữa %min và %max."
"Please enter a valid full date.","Vui lòng nhập ngày đầy đủ hợp lệ."
"Please enter a valid month (1-12).","Vui lòng nhập một tháng hợp lệ (1-12)."
"Please enter a valid year (1900-%1).","Vui lòng nhập một năm hợp lệ (1900-%1)."
"Please enter a valid day (1-%1).","Vui lòng nhập một ngày hợp lệ (1-%1)."
"Please enter a date from the past.","Vui lòng nhập một ngày từ quá khứ."
"- Orders status tracking","- Theo dõi trạng thái đơn hàng"
"- Save placed orders","- Lưu các đơn hàng đã đặt"
"- Get great deals","- Nhận ưu đãi tuyệt vời"
"Choose order quantity:","Chọn số lượng đặt hàng:"
"Order","Đặt hàng",module,Magento_Catalog
"Ordering...","Đang đặt...",module,Magento_Catalog
"Ordered","Đã thêm",module,Magento_Catalog
"Choose quantity:","Chọn số lượng",module,Magento_Catalog
"Add to Cart","Thêm vào giỏ hàng"
"Saving ","Tiết kiệm "
"Share with friends","Chia sẻ với bạn bè"
"Save to Wish List","Lưu vào danh sách yêu thích"
"Write new review","Viết bình luận mới"
"Details","Chi tiết sản phẩm",module,Magento_Catalog
"Customer Reviews","Nhận xét của khách hàng"
"Product Description","Mô tả sản phẩm",module,Magento_Catalog
"Drag the image to enlarge","Rê chuột vào hình để phóng to"
"Register with Google","Đăng ký bằng Google"
"Register with Facebook","Đăng ký bằng Facebook"
"Register with Apple","Đăng ký bằng Apple"
"Partner Registration","Đăng ký đối tác"
"Business Information","Thông tin doanh nghiệp"
"Required Attached Documents","Văn bản đính kèm bắt buộc"
"Company Name","Tên công ty"
"Company Tax Code","Mã số thuế doanh nghiệp"
"Company Address","Địa chỉ công ty"
"Purchase Representative Name","Tên người đại diện mua hàng"
"Representative Telephone","Số điện thoại người đại diện"
"Representative Email","Email người đại diện"
"Bank Number","Số tài khoản"
"Send Information","Gửi thông tin"
"Note:","Lưu ý:"
"You have no items in your shopping cart.","Bạn chưa có sản phẩm nào trong giỏ hàng."
"You have no items in your shopping cart","Bạn chưa có sản phẩm nào trong giỏ hàng"
"Products in Cart","Sản phẩm trong giỏ hàng"
"Product in Cart","Sản phẩm trong giỏ hàng"
"Up Sells","Có thể bạn muốn"
"Save Cart","Lưu giỏ hàng"
"Show %1 of %2 results","Hiển thị %1 trên %2 kết quả"
"You added %1 to your <a href=""%2"">shopping cart</a>.","Bạn đã thêm %1 vào <a href=""%2"">giỏ hàng</a>."
"Please login or create an account to have opportunities to receive bonus points when buying at our store.","Vui lòng đăng nhập hoặc tạo tài khoản để có cơ hội nhận điểm thưởng khi mua hàng tại cửa hàng của chúng tôi."
"Cart Confirmation","Xác nhận giỏ hàng"
"Apply","Áp dụng"
"SKU: ","Mã sản phẩm: "
"Store and Branch","Địa chỉ cửa hàng và chi nhánh"
"I want find","Tôi muốn tìm"
"Show results","Hiển thị kết quả"
"Parking","Chỗ đỗ xe"
"Select other city.","Chọn tỉnh thành khác."
"Please select a district.","Vui lòng chọn"
"At City","Tại thành phố"
"At District","Tại quận huyện"
"Ha Noi","Hà Nội"
"Ho Chi Minh","Hồ Chí Minh"
"Show list","Hiển thị danh sách"
"Show on map","Hiển thị trên bản đồ"
"View map","Xem trên bản đồ"
"Have parking","Có chỗ đỗ xe"
"Have car parking","Có chỗ đỗ xe hơi"
"You're reviewing the product:","Bạn đang đánh giá sản phẩm:"
"Your Rating:","Đánh giá của bạn:"
"Quality","Chất lượng"
"Price","Giá thành"
"Enter your nickname","Điền biệt danh của bạn"
"Enter the summary","Điền tiêu đề"
"Enter the details of the comment","Điền nội dung của đánh giá"
"Your email","Email của bạn"
"Enter your email","Điền địa chỉ email của bạn"
"Enter your password","Điền mật khẩu của bạn"
"Buy Subscription","Mua định kỳ"
"Other items will be removed from the cart. Are you sure ?","Một số sản phẩm khác sẽ bị xóa khỏi giỏ hàng. Bạn chắc chắn ?"
"Shipping Information","Thông tin vận chuyển"
"Shipping Info","Thông tin vận chuyển"
"Order Note","Lời nhắn"
"Delivery Date","Hẹn ngày giao"
"Invoice information is the same as receiving information","Xuất hóa đơn công ty"
"Payment Information","Thông tin thanh toán"
"Including VAT","Đã bao gồm thuế VAT"
"Complete","Hoàn thành"
"City","Tỉnh/Thành phố"
"District","Quận/Huyện"
"Ward","Phường/Xã"
"City Id","Tỉnh/Thành phố"
"District Id","Quận/Huyện"
"Ward Id","Phường/Xã"
"Fixed","Cố định"
"Flat Rate","Tỉ lệ số lượng"
"Enter the company name in the business license","Điền tên doanh nghiệp ghi trên giấy phép KD"
"Enter your business tax code","Điền mã số thuế doanh nghiệp"
"Enter your bank account number","Điền số tài khoản ngân hàng"
"Tax Code","Mã số thuế"
"Company Address","Địa chỉ công ty"
"Enter your company address","Điền địa chỉ doanh nghiệp"
"Enter the name of the person authorized to buy / receive goods","Nhập tên của người được ủy quyền mua / nhận hàng"
"Enter the representative phone number","Điền số điện thoại người đại điện"
"Enter your representative email","Điền email người đại diện"
"Enter the representative phone number","Điền số điện thoại người đại điện"
"Cycles","Chu kỳ"
"Instalment","Mua trả góp"
"By","Bởi"
"at","lúc"
"You need to login to receive reward points for reviewing this product.","Bạn cần phải đăng nhập để nhận được điểm thưởng từ đánh giá sản phẩm."
"Search Posts...","Tìm kiếm bài viết..."
"Search","Tìm kiếm"
"Share post with friends","Chia sẻ bài viết với bạn bè"
"Input phone number","Điền số điện thoại"
"Additional Address","Địa chỉ bổ sung"
"Full Name: ","Họ tên: "
"Phone: ","Số điện thoại: "
"Address: ","Địa chỉ: "
"My Saved Carts","Đơn hàng đã lưu"
"Loyalty Program","Chương trình khách hàng thân thiết"
"My Reward Points","Kpoint"
"Reset Password","Lấy lại mật khẩu"
"My Product Reviews","Đánh giá sản phẩm",module,Magento_Review
"My Customer Reviews","Đánh giá của tôi",module,Magento_Review
"Create at ","Tạo lúc "
"Shipping Fee: ","Phí giao hàng: "
"plummet hand","giảm mạnh tay"
"This combo includes: ","Combo này bao gồm: "
"QTY:","SL:"
"Ship here","Giao đến đây"
"Thank you","Cảm ơn"
"Back to Home page","Trở về trang chủ"
"The order information has been sent to email","Thông tin xác nhận đã được chuyển tới email"
"View your order details at","Xem chi tiết thông tin đơn hàng tại"
"Orders Management Page","Trang quản lý đơn hàng"
"Order %1","Đơn hàng %1"
"Order #%1","Đơn hàng #%1"
"Subscription Order","Đơn hàng định kỳ"
"Ordinary Order","Đơn hàng thường"
"Installment Order","Đơn hàng trả góp"
"Invoice Info","Thông tin hóa đơn"
"Order Detail","Chi tiết đơn hàng"
"Fast Order","Đặt hàng nhanh"
"Add Lines","Thêm sản phẩm mới"
"Upload","Tải lên"
"Download sample file","Tải xuống file nhập hàng mẫu"
"Upload file","Tải file lên"
"Bulk order via sample file","Đặt hàng số lượng lớn qua file mẫu"
"Enter product name","Điền tên sản phẩm"
"Menu","Danh mục"
"Contact","Liên hệ"
"We look forward to hearing from you. Please fill in the form below, we will contact you as soon as possible.","Chúng tôi mong muốn được lắng nghe bạn. Hãy điền nội dung vào form bên dưới, chúng tôi sẽ liên lạc sớm nhất có thể."
"Who are you?","Bạn là ai?"
"Topic","Chủ đề"
"Send Message","Gửi tin nhắn"
"Shipments Information","Thông tin giao hàng"
"Invoices Information","Thông tin hóa đơn"
"Grand Total","Tổng thanh toán"
"Favourite","Yêu thích"
"Create an Account","Đăng ký",module,Magento_Customer
"Customization","Tùy chỉnh",module,Magenest_CustomAffiliate
"The minimum 'Available' balance to request a withdrawal is %1","Số tiền tối thiểu bạn cần có để gửi yêu cầu rút tiền là %1"
"Update the number of receiving bank account","Cập nhật số tài khoản ngân hàng nhận tiền"
"Update the number of receiving bank account success","Cập nhật số tài khoản ngân hàng nhận tiền thành công"
"Promo Data","Link cộng tác viên của bạn",module,Amasty_Affiliate
"Traffic Sources","Báo cáo cộng tác viên của bạn",module,Amasty_Affiliate
"Referral Link","Link giới thiệu",module,Amasty_Affiliate
"Enter any URL from this store in the form below to generate a new referral link","Nhập một đường dẫn bất kì của cửa hàng để tạo mới link giới thiệu"
"Commission per oder #","Hoa hồng cho đơn hàng #",module,Amasty_Affiliate
"Per Profit","Hoa hồng theo lợi nhuận",module,Amasty_Affiliate
"Per Sale","Hoa hồng theo đơn hàng",module,Amasty_Affiliate
"Withdrawal","Rút tiền",module,Amasty_Affiliate
"On Hold:","Đang chờ:",module,Amasty_Affiliate
"Lifetime:","Tổng cộng:",module,Amasty_Affiliate
"Balance","Số dư",module,Amasty_Affiliate
"Amount Change","Biến động số dư",module,Amasty_Affiliate
"Details","Chi tiết",module,Amasty_Affiliate
"You have no transactions.","Bạn chưa có giao dịch nào."
"It's a default billing address.","Đây là địa chỉ thanh toán mặc định.",module,Magento_Customer
"It's a default shipping address.","Đây là địa chỉ giao hàng mặc định.",module,Magento_Customer
"Number of people clicking","Số lượng người truy cập"
"Your account has been disabled by store administrator. Please contact us for details.","Tài khoản của bạn đã bị vô hiệu hóa bởi quản lý cửa hàng. Hãy liên hệ với của hàng để biết thêm chi tiết."
"Affiliate Information","Thông tin cộng tác viên"
"Affiliate Registration","Đăng ký cộng tác viên"
"Copy","Sao chép",module,Amasty_Affiliate
"Copied","Đã sao chép",module,Amasty_Affiliate
"You have no enough funds available for the withdrawal","Bạn không có đủ số dư để rút tiền."
"Please enter an amount more than zero","Hãy nhập số tiền lớn hơn 0"
"The minimum payout amount is %1. Please enter an amount more than %2","Số tiền rút tối thiểu là %1. Vui lòng nhập số tiền lớn hơn %2"
"Withdrawal was successfully created.","Yêu cầu rút tiền được tạo thành công"
"Withdrawal was successfully canceled.","Yêu cầu rút tiền đã được hủy bỏ."
"You have no programs.","Bạn chưa có chương trình cộng tác viên nào."
"You must login or register to add items to your wishlist.","Bạn phải đăng nhập hoặc đăng kí để thêm sản phẩm vào danh sách yêu thích."
"Email sent to supplier when warehouse received goods delivery.","Email thông báo đã nhập hàng sau khi kho xác nhận nhận được hàng."
"Product Arrangements","Sắp xếp sản phẩm"
"Filter Products","Lọc sản phẩm"
"Short by","Sắp xếp theo"
"%1 has been removed from your Wish List.","%1 đã được xóa khỏi danh sách yêu thích."
"You cannot use decimal quantity for this product.","Bạn không thể sử dụng số lượng thập phân cho sản phẩm này."
"The maximum you may purchase is %1.","Tối đa bạn có thể mua là %1."
"The requested qty exceeds the maximum qty allowed in shopping cart","Số lượng yêu cầu vượt quá số lượng tối đa được phép trong giỏ hàng"
"Thank you for registering with %1.","Cảm ơn bạn đã đăng ký với chúng tôi.",module,Magento_Customer
"Add Cart","Cho vào giỏ",module,Magento_Catalog
"Item in Cart","sản phẩm trong giỏ hàng"
"Items in Cart","sản phẩm trong giỏ hàng"
"in Cart","trong giỏ hàng"
"Canceled - Reorder","Đã hủy - Đặt lại"
"Canceled - Closed","Đã hủy - Đóng"
"Delivered","Đã giao"
"Confirmed COD","Xác nhận COD"
"Confirm Paid","Đã thanh toán"
"On Hold","Chờ thanh toán"
"Need Confirm Reimbursement","Đã nhận tiền hoàn"
"Need Warehouse Confirm Receipt of the Items","Đã nhận trả hàng"
"New","Mới"
"Received Goods","Đã nhập hàng"
"Reimbursed","Đã nhận tiền COD"
"Supplier Confirmed Availability","Đang nhập hàng"
"Supplier Rejected","Thiếu hàng"
"Wait Supplier","Chờ KT tồn kho"
"SHIPPING","Đang giao"
"PACKAGING","Đang đóng hàng"
"Please select city","Vui lòng chọn"
"Please select district","Vui lòng chọn"
"Please select ward","Vui lòng chọn"
"Store Locator","Hệ thống cửa hàng"
"You are not logged in","Bạn chưa đăng nhập"
"Affiliate account has successfully saved.","Tài khoản liên kết đã được lưu thành công."
"Your Affiliate Account","Tài khoản cộng tác viên của bạn"
"Policies and Terms","Chính sách và điều khoản"
"Register to become a partner","Đăng ký trở thành đối tác"
"Register to become a collaborator","Đăng ký trở thành cộng tác viên"
"Payment by Installments","Thanh toán trả góp"
"Return Policy","Chính sách đổi trả"
"Warranty Policy","Chính sách bảo hành"
"Store Location","Vị trí cửa hàng"
"FAQS","Câu hỏi thường gặp"
"Cart Confirmation & Checkout","Xác nhận giỏ hàng & Thanh toán"
"Information & Delivery Location","Thông tin & địa điểm giao hàng"
"Update","Cập nhật",module,Amasty_Affiliate
"Register","Đăng ký",module,Amasty_Affiliate
"Affiliate account has successfully saved.","Tài khoản cộng tác viên của bạn đã được cập nhật."
"Something went wrong, please try again later.","Đã có lỗi xảy ra, vui lòng thử lại sau"
"Estimate Subtotal","Tạm tính"
"The file's format is not correct. Please download sample csv file and try again.","Định dạng tập tin không hợp lệ. Vui lòng tải tập tin mẫu và thử lại."
"Please insert product(s).","Vui lòng nhập thêm sản phẩm."
"CSV import is only available for simple product(s) without custom option(s). %1 %2 not supported.","Nhập liệu với tập tin CSV chỉ hỗ trợ cho sản phẩm thường với những tùy chọn. %1 %2 không được hỗ trợ."
"%1 do not match or do not exist on the site. Bundle product is not supported.","%1 không tìm thấy hoặc không tồn tại. Không hỗ trợ nhập liệu cho sản phẩm combo."
"Import Complete.","Nhập dữ liệu thành công."
"No Item Imported.","Không có sản phẩm nào được cập nhật."
"We can't add this item to your shopping cart right now.","Chúng tôi không thể thêm sản phẩm của bạn vào giỏ hàng ngay bây giờ."
"You added %1 to your shopping cart.","Bạn đã thêm %1 vào giỏ hàng của bạn."
"We can't import item to your table right now.","Chúng tôi không thể nhập hàng qua tập tin của bạn ngay bây giờ."
"Price from Low to High","Giá thấp"
"Price from High to Low","Giá cao"
"No options of this product are available.","Hiện tại chưa có sản phẩm nào trong combo này."
"Sorry, no quotes are available for this order at this time","Xin lỗi, không có đơn vị vận chuyển nào hỗ trợ giao hàng tới địa chỉ của bạn. Vui lòng thay đổi hoặc chọn địa chỉ khác.",module,Magento_Checkout
"Please enter your shipping address","Vui lòng nhập thông tin giao hàng",module, Magento_Checkout
"About us","Về chúng tôi"
"Introduction","Giới thiệu"
"Store locations","Vị trí cửa hàng"
"FAQs","Câu hỏi thường gặp"
"Terms of service and policies","Chính sách và điều khoản"
"Partner registration","Đăng ký trở thành đối tác"
"Our business partners","Đối tác của chúng tôi"
"Payment partners","Đối tác thanh toán"
"Installment payment","Thanh toán trả góp"
"Transport partners","Đối tác vận chuyển"
"Warranty policy","Chính sách bảo hành"
"Return policy","Chính sách đổi trả"
"Estimate Subtotal","Tạm tính"
"Enter fullname","Nhập họ và tên"
"Enter your phone number","Nhập số điện thoại"
"Enter address","Nhập địa chỉ"
"Enter subject","Nhập tiêu đề"
"Subject","Tiêu đề"
"Enter message content","Nhập nội dung"
"Why you should purchase online at the corporation's genuine e-commerce website?","Tại sao nên mua hàng online ở website thương mại điện tử chính hãng từ tập đoàn?"
"International coffee quality standards","Chất lượng cà phê đạt chuẩn toàn cầu"
"Nationwide shipping guarantee","Giao hàng toàn quốc bảo đảm"
"Completely secured payments","Thanh toán an toàn tuyệt đối"
"Estimate Tax","Thuế tạm tính"
"Estimate Shipping and Tax","Uớc tính vận chuyển & thuế"
"Are you sure you would like to remove this item from the shopping cart?","Bạn có chắc muốn xóa sản phẩm này khỏi giỏ hàng?",module,Magento_Checkout
"Good price for bulk purchase partners","Giá tốt dành cho đối tác mua số lượng lớn"
"Required Fields","Trường bắt buộc"
"Please enter your email address below to receive a password reset link","Vui lòng nhập email vào bên dưới để nhận link làm mới mật khẩu"
"Subscribe","Đăng ký",module,Magento_Newsletter
"You have submitted no reviews","Bạn chưa gửi đánh giá.",module,Magento_Review
"Rating","Xếp hạng",module,Magento_Review
"Review","Đánh giá",module,Magento_Review
"New Comment","Bình luận mới",module,Magento_Review
"Reviews","Đánh giá",module,Magento_Review
"Send Comment","Gửi bình luận",module,Magento_Review
"Comment","Nhận xét",module,Magento_Review
"Nickname","Họ tên",module,Magento_Review
"Enter title","Điền tiêu đề",module,Magento_Review
"Write new comment","Viết bình luận mới",module,Magento_Review
"Enter your nickname","Điền họ tên của bạn",module,Magento_Review
"Enter your the comment","Điền nhận xét của bạn",module,Magento_Review
"Only registered users can write reviews","Đăng nhập để viết đánh giá",module,Magento_Review
"Please","Vui lòng",module,Magento_Review
"Sign in","Đăng nhập"
"or","hoặc"
"create an account","tạo tài khoản"
"You have placed no orders","Bạn chưa có đơn hàng nào được tạo.",module,Magento_SalesRule
"Orders","Đơn hàng"
"Items Ordered","Sản phẩm đã đặt"
"Product Name","Tên sản phẩm"
"From","Từ"
"To","Đến"
"Gift Message","Lời nhắn kèm quà tặng",module,Magento_Sales
"Reorder","Đặt lại"
"Expiration Date","Ngày hết hạn"
"Card Number","Số thẻ"
"Type","Loại"
"Delete","Xóa"
"Actions","Thao tác",module,Magento_Vault
"Are you sure you want to delete this card: %1","Bạn có chắc muốn xóa thẻ: %1",module,Magento_Vault
"This Wish List has no Items","Danh sách ưa thích trống"
"You have no items in your wish list.","Bạn chưa có sản phẩm nào trong danh sách ưa thích."
"Price from Low to High","Giá từ Thấp đến Cao"
"Price from High to Low","Giá từ Cao đến Thấp"
"Item","Sản phẩm"
"Items","Sản phẩm"
"item","sản phẩm"
"items","sản phẩm"
"Price","Đơn giá",module,Magento_Sales
"Price","Đơn giá",module,Bss_FastOrder
"You are with us for <b>%1</b> day","Bạn đã đồng hành với chúng tôi <b>%1</b> ngày"
"You are with us for <b>%1</b> days","Bạn đã đồng hành với chúng tôi <b>%1</b> ngày"
"Number of completed orders is <b>%1</b>","Số lượng đơn hàng thành công <b>%1</b>"
"Average order value is <b>%1</b>","Giá trị đơn hàng trung bình <b>%1</b>"
"Order amount is <b>%1</b>","Tổng giá trị các đơn hàng <b>%1</b>"
"Number of completed orders was <b>%1</b>","Số lượng đơn hàng thành công <b>%1</b>"
"Average order value was <b>%1</b>","Giá trị đơn hàng trung bình <b>%1</b>"
"Order amount was <b>%1</b>","Tổng giá trị các đơn hàng <b>%1</b>"
"This Month:","Trong tháng:",module,Amasty_RulesLoyalty
"Last Month:","Tháng trước:"
"You have no Reward Points.","Bạn chưa có điểm thưởng."
"Your Reward Points function has been disabled.","Chương trình điểm thưởng ngưng hoạt động."
"View more","Xem thêm"
"Minimum","Tối thiểu"
"Maximum","Tối đa"
"Manufacturer","Hãng sản xuất"
"You have no withdrawals.","Bạn chưa có giao dịch nào."
"There was error during getting data","Lỗi lấy dữ liệu không thành công"
"Complete","Hoàn Thành",module,Magento_Checkout
"We don't have as many quantity as you requested, but we'll back order the remaining %1.","Đây là sản phẩm đặt trước, chúng tôi sẽ liên hệ với quý khách để xác nhận."
"Back to home page","Trở về trang chủ"
"Need support","Cần trợ giúp"
"The password can't be the same as the email address. Create a new password and try again.","Mật khẩu không được trùng với địa chỉ email. Vui lòng nhập mật khẩu mới."
"The password can\'t be the same as the email address. Create a new password and try again.","Mật khẩu không được trùng với địa chỉ email. Vui lòng nhập mật khẩu mới."
"Enter captcha","Nhập captcha"
"Remember my account","Nhớ tài khoản"
"Check &quot;Remember Me&quot; to access your shopping cart on this computer even if you are not signed in.","Kiểm tra &quot; ""Ghi Nhớ tôi""&quot; để truy cập vào giỏ hàng của bạn trên máy tính này ngay cả khi bạn không đăng nhập.",module,Magento_Persistent
"Check 'Remember Me' to access your shopping cart on this computer even if you are not signed in.","Kiểm tra 'ghi nhớ tôi' để truy cập vào giỏ hàng của bạn trên máy tính này ngay cả khi bạn không đăng nhập.",module,Magento_Persistent
"You confirmed your affiliate registration. Now you is an affiliate account.","Bạn đã xác thực đăng kí tài khoản cộng tác viên. Chúc mừng bạn đã trở thành cộng tác viên."
"Vietnamese","Tiếng việt"
"Select birthday","Chọn ngày sinh"
"Please type the letters and numbers below","Vui lòng nhập mã xác thực"
"District is a required field.","Quận/Huyện là trường bắt buộc."
"This account isn't confirmed. Verify and try again.","Tài khoản này chưa được xác thực. Vui lòng xác thực tài khoản của bạn."
"Custom Discount Per Item Price","Giảm giá cho sản phẩm"
"Custom Discount","Giảm giá",module,Webkul_Pos
"Return","Trả hàng",module,Webkul_Pos
"The World Of Coffee","Thế giới cà phê"
"Your viewed","Bạn đã xem"
"Estimate Shipping","Uớc tính vận chuyển"
"Save current cart to buy later","Lưu giỏ hàng để mua sau"
"Title","Tiêu đề"
"Description","Mô tả"
"Your Cart was saved successfully.","Giỏ hàng của bạn đã được lưu thành công."
"Your Cart was deleted successfully.","Giỏ hàng của bạn đã được xóa thành công."
"Saved cart was moved to cart successfully.","Sản phẩm đã lưu của bạn đã được thêm vào giỏ hàng."
"Tax","Thuế"
"Search by name or SKU","Tìm kiếm với tên hoặc mã sản phẩm"
"Continue to Checkout","Tiếp tục mua hàng"
"Saved cart no exist.","Giỏ hàng đã lưu không tồn tại."
"Saved cart invalid.","Giỏ hàng không hợp lệ."
"Keep","Giữ"
"Keep the current items in your cart","Giữ những sản phẩm đã có trong giỏ hàng"
"Clear all","Xóa bỏ"
"Update saved cart failed","Cập nhật giỏ hàng thất bại"
"Saved cart item invalid.","Lưu giỏ hàng không hợp lệ."
"Filter by Categories","Lọc theo danh mục"
"Choose to buy recurring","Chọn mua định kỳ"
"More choices for you","Lựa chọn khác dành cho bạn"
"Estimate Shipping","Uớc tính vận chuyển"
"Note","Ghi chú"
"Note:","Ghi chú:"
"Search results for: '%1'","Kết quả tìm kiếm: '%1'"
"Estimate Shipping","Uớc tính vận chuyển"
"We have updated your subscription.","Đăng ký của bạn đã được cập nhật"
"Trusted Payment","Cách thức thanh toán"
"You haven't selected any Bank.","Bạn chưa chọn bất kỳ Ngân hàng nào."
"You haven't selected any Payment Method.","Bạn chưa chọn bất kỳ Phương thức thanh toán nào."
"Select a city","Chọn tỉnh/thành phố"
"Select a district","Chọn quận/huyện"
"Select a ward","Chọn phường/xã"
"Trusted Payment","Cách thức thanh toán"
"Free gift <strong>%1</strong> was added to your shopping cart","Quà tặng <strong>%1</strong> đã được thêm vào giỏ của bạn"
"You have no items in cart and will go to our homepage in 5 seconds.","Bạn không có sản phẩm nào trong giỏ hàng, bạn sẽ được đưa tới trang chủ trong 5 giây."
"Shipment History","Lịch sử vận đơn",module,Magento_Shipping
"Print All Shipments","In tất cả vận đơn",module,Magento_Shipping
"Shipment #","Vận đơn #",module,Magento_Shipping
"Print Shipment","In vận đơn",module,Magento_Shipping
"Track this shipment","Theo dõi vận đơn",module,Magento_Rma
"We have removed your newsletter subscription.","Đăng ký của bạn đã được hủy bỏ."
"Trusted Payment","Cách thức thanh toán"
"Default VAT invoice was saved successfully.","Thông tin xuất hóa đơn đã được cập nhật."
"The shipping information was unable to be saved. Verify the input data and try again.","Địa chỉ giao hàng không hợp lệ. Vui lòng kiểm tra và thử lại."
"You have canceled an order. Checkout url will be valid till %1 in case you change your mind.","Bạn đã hủy đơn hàng. Đường dẫn đặt hàng vẫn hợp lệ tới %1 trong trường hợp bạn đổi ý."
"Your checkout url: %1","Đường dẫn đặt hàng của bạn: %1"
"Invalid email format","Địa chỉ email không hợp lệ."
"The requested qty is not available","Số lượng yêu cầu không sẵn có."
"Discount (%1) must be less than item price.","Chiết khấu (%1) phải nhỏ hơn giá của sản phẩm."
"You have no saved cart.","Bạn không có đơn hàng nào được lưu."
"Series Code","Mã bảo hành"
"Add Series Code","Thêm mã bảo hành"
"Series code field required","Trường mã bảo hành là bắt buộc"
"Enter series code","Nhập mã bảo hành"
"Street Address","Địa chỉ"
"You have no saved cart.","Bạn chưa có đơn hàng đã lưu nào."
"Invalid Form Key. Please refresh the page.","Form Key không hợp lệ. Xin vui lòng làm mới trang."
"ENTER DISCOUNT CODE","MÃ GIẢM GIÁ"
"Order ID","ID đơn hàng",module,Webkul_Pos,
"Invalid state change requested","Đã có lỗi xảy với yêu cầu của bạn."
"Subtotal","Tổng tiền hàng"
"Enter product name or SKU","Nhập tên sản phẩm hoặc mã sản phẩm"
" left"," sản phẩm còn lại"
" left)"," sản phẩm còn lại)"
"Can not import csv","Không thể nhập tập tin csv. Vui lòng thử lại sau."
"The fewest you may purchase is %1.","Số lượng ít nhất bạn có thể mua là %1."
"Buy %1 for %2 each and","Mua %1 sản phẩm với giá mỗi sản phẩm là %2 và"
"save","tiết kiệm",module,Magento_ConfigurableProduct
"Buy %1 for: ","Mua %1 với:"
"Click for price","Nhấn để xem giá"
"Buy %1 for %2 each","Mua %1 sản phẩm với giá mỗi sản phẩm là %2"
"Customer Pay","Tiền khách trả",module,Webkul_Pos
"Cashback","Tiền trả lại",module,Webkul_Pos
"Finance Pending","Đang chờ xử lý thanh toán"
"Waiting for Packing - COD","Chờ đóng gói - Đơn COD"
"Waiting for Packing - Paid","Chờ đóng gói - Đã thanh toán"
"You are logged in as customer: %1","Bạn đã đăng nhập với tài khoản người dùng: %1"
"Total Payment","Tổng thanh toán"
"Your account is expired. Please contact us for more information.","Tài khoản của bạn đã hết hạn. Xin vui lòng liên hệ lại với chúng tôi."
"Refunded","Đã trả hàng",module,Webkul_Pos
"Update Saved Cart","Cập nhật đơn hàng đã lưu"
"We received too many requests for password resets. Please wait and try again later or contact %1.","Chúng tôi nhận được quá nhiều yêu cầu thay đổi mật khẩu. Vui lòng thử lại sau hoặc liên hệ với chúng tôi qua email %1"
"Your saved cart is updated.","Đơn hàng đã lưu của bạn đã được cập nhật."
"Card detail is required.","Thông tin thẻ là bắt buộc."
"The credit memo couldn't be saved.","Đã có lỗi xảy ra, đơn trả hàng chưa được tạo."
"Closed","Đã trả hàng",module,Webkul_Pos
"Redeem Reward Points","Đổi điểm thưởng",module,Magenest_RewardPoints
"You have","Bạn có",module,Magenest_RewardPoints
"points","điểm",module,Magenest_RewardPoints
"points.","điểm.",module,Magenest_RewardPoints
"You can apply maximum","Bạn có thể đổi tối đa",module,Magenest_RewardPoints
"points for this order.","điểm cho đơn hàng này",module,Magenest_RewardPoints
"Every","Mỗi",module,Magenest_RewardPoints
"point(s) can be redeemed for 1000","điểm có thể đổi 1000",module,Magenest_RewardPoints
"Spent Points","Điểm đã dùng",module,Magenest_RewardPoints
"Spent Points","Điểm sau khi thay đổi",module,Magenest_RewardPoints
"Expire at","Ngày hết hạn",module,Magenest_RewardPoints
"Points from admin","Người quản trị",module,Magenest_RewardPoints
"Reward Amount","Điểm thưởng",module,Magenest_RewardPoints
"Enter point quantity","Nhập số điểm ",module,Magenest_RewardPoints
"If your first purchase is more than %s, you will receive %s points.","Nếu lần đàu bạn mua nhiều hơn %s, bạn sẽ nhận được %s điểm thưởng"
"If your first purchase is more than %s, you will receive %s more points.","Nếu lần đàu bạn mua nhiều hơn %s, bạn sẽ nhận được nhiều hơn %s điểm thưởng"
"Each time you shop with us, you automatically get rewarded. With every purchase you make, you can start earning Points to spend on your future purchases. The more you shop, the more points you earn and the more you can use to spend. Buy more, save more!","Mỗi lần bạn mua sắm với chúng tôi, bạn sẽ tự động nhận được phần thưởng. Với mỗi giao dịch bạn thực hiện, bạn có thể bắt đầu kiếm Điểm để chi tiêu cho các giao dịch mua trong tương lai của mình. Bạn càng mua sắm nhiều, bạn càng kiếm được nhiều điểm và bạn có thể sử dụng nhiều hơn để chi tiêu. Mua nhiều hơn tiết kiệm nhiều hơn!"
"%s P","%s Điểm"
"Print Returned","In đơn trả hàng"
"Please confirm your B2B registration","Vui lòng xác nhận đơn đăng kí khách hàng B2B của bạn"
"There was recently a request to register an B2B account.","Gần đây có một yêu cầu đăng ký tài khoản B2B."
"If you made this registration, please confirm your registration here:","Nếu bạn đã thực hiện đăng ký này, vui lòng xác nhận đăng ký của bạn ở đây:"
"Confirm Your Registration","Xác nhận đăng ký của bạn"
"If you did not make this request, you can ignore this email and your account will remain the same.","Nếu bạn không thực hiện yêu cầu này, bạn có thể bỏ qua email này và tài khoản của bạn sẽ vẫn như cũ."
"Re-confirmation Registration URL","URL xác nhận đăng ký"
"Remaining Qty","Số lượng kho"
"Shipping unit","Đơn vị vận chuyển"
"Confirm","Đồng ý",module,Magento_Checkout
"Fast Shipping","Vận chuyển nhanh"
"Message","Lời nhắn"
"Note to seller...","Lưu ý cho người bán..."
"VAT included","Đã bao gồm VAT"
"Total amount of goods","Tổng tiền hàng"
"Free shipping","Miễn phí vận chuyển"
"Select a payment method","Chọn phương thức thanh toán"
"Payment method","Phương thức thanh toán"
"Select payment method (Tap to select)","Chọn phương thức thanh toán (Nhấn để chọn)"
"total amount of money","Tổng số tiền"
"place-order","Mua hàng"
"Change","Thay đổi"
"Default","Mặc định"
"Recently Viewed","Sản phẩm đã xem"
"Latest posts","Bài viết mới nhất"
"Cancel coupon","Hủy mã"
"Edit profile","Sửa hồ sơ"
"My Profile","Hồ sơ của tôi"
"Manage profile information for account security","Quản lý thông tin hồ sơ để bảo mật tài khoản"
"Personal information","Thông tin cá nhân"
"Edit","Thay đổi"
"Edit Address Action","Chỉnh sửa"
"Name","Tên"
"Phone","Số điện thoại"
"Mobile Phone","Điện thoại"
"Featured posts","Bài viết nổi bậc"
"Default address","Địa chỉ mặc định"
"View all addresses","Xem tất cả địa chỉ"
"Recent Orders","Đơn hàng gần nhất"
"View All","Xem tất cả"
"Date","Ngày"
"View Order","Xem chi tiết"
"Reorder","Đặt lại hàng",module,Magento_Customer
"Processing","Đang giao hàng"
"Sign up for the Kangaroo Newsletter","Đăng ký nhận thông báo"
"You have subscribed to the 'General Subscriptions' newsletter.","Bạn đã đăng ký nhận thông báo từ Kangarooshopping.vn"
"You aren't subscribed to the 'General Subscriptions' newsletter.","Bạn chưa đăng ký nhận tin tức khuyến mãi từ Kangarooshopping.vn"
"Receive newsletter via Email","Nhận thông báo qua email"
"Recently Ordered","Đơn hàng gần đây"
"There is no reviews for this product","Sản phẩm này chưa có đánh giá nào"
"Technical Specification","Thông số kĩ thuật"
"Product Details","Chi tiết sản phẩm"
"News","Mới nhất"
"Last weeks post","Bài viết tuần qua"
"Featured last week","Nổi bật tuần qua"
"The shipping method is missing. Select the shipping method and try again.","Phương thức vận chuyển bị thiếu. Chọn phương thức vận chuyển và thử lại."
"Pending Payment","Chờ thanh toán"
"%1 items","%1 Sản phẩm"
"Order Total","Tổng giá trị đơn hàng",module,Magento_Customer
"View and Edit Cart","Xem & sửa giỏ hàng"
"of","của"
"Edit Account Information","Chỉnh sửa thông tin tài khoản"
"Change email and phone number","Đổi email và số điện thoại"
"Current Password","Mật khẩu hiện tại"
"Save changes","Lưu thay đổi"
"Cancel changes","Hủy bỏ thay đổi"
"New Password","Mật khẩu mới"
"Edit information","Chỉnh sửa thông tin",module,Magento_Customer
"Password Strength","Độ bảo mật"
"No Password","Không có mật khẩu"
"Weak","Yếu"
"Medium","Trung bình"
"Strong","Mạnh"
"Very Strong","Rất mạnh"
"My Address","Địa chỉ của tôi"
"Default Addresses","Địa chỉ mặc định"
"Add New Address","Thêm địa chỉ mới"
"Use as my default billing address","Dùng làm địa chỉ hóa đơn mặc định"
"Use as my default shipping address","Dùng làm địa chỉ mặc định"
"Full Name","Họ và tên",module,Magento_Customer
"Edit","Thay đổi",module,Magento_Customer
"Show","Xem"
"per page","địa chỉ trên trang"
"%1 Item(s)","%1 Sản phẩm"
"%1 Item","%1 Sản phẩm"
"Add Address","Thêm địa chỉ"
"Default shipping address","Địa chỉ giao hàng mặc định"
"Edit Address","Chỉnh sửa địa chỉ"
"Edit Information Address","Chỉnh sửa thông tin địa chỉ"
"My order","Đơn hàng của tôi"
"Delivery address","Địa chỉ giao hàng"
"All","Tất cả"
"Pending confirmation","Chờ xác nhận"
"Delivering","Đang giao"
"Delivered","Đã giao"
"Cancelled","Đã hủy"
"Receipt","Hóa đơn"
"Thank you for shopping at KangarooShopping","Cảm ơn bạn đã mua sắm tại KangarooShopping"
"Reset order","Đặt lại đơn hàng"
"Contact us","Liên hệ chúng tôi"
"Ordered order","Đơn hàng đã đặt"
"Reviews","Đánh giá"
"Invoices","Hóa đơn"
"Shipping Method","Phương thức giao hàng"
"Status","Trạng thái"
"Status: ","Trạng thái: "
"Print Order","In đơn hàng"
"Product","Sản phẩm"
"Total price","Tổng giá"
"Print Invoice","In hóa đơn"
"Print All Invoices","In tất cả hóa đơn"
"Qty Invoiced","Số lượng"
"Recommend Post","Các bài viết liên quan"
"Phone/Email","Số điện thoại/Email"
"Password","Mật khẩu"
"Customer Login","Đăng nhập"
"Registered Customers","Khách hàng đã đăng ký"
"New Customers","Khách hàng mới"
"If you have an account, sign in with your email address.","Nếu bạn có một tài khoản, hãy đăng nhập bằng địa chỉ email của bạn."
"Creating an account has many benefits: check out faster, keep more than one address, track orders and more.","Tạo một tài khoản có nhiều lợi ích: kiểm tra nhanh hơn, giữ nhiều hơn một địa chỉ, theo dõi các đơn đặt hàng và nhiều hơn nữa."
"Create an account with","Hoặc đăng nhập bằng"
"Create New Customer Account","Tạo mới tài khoản khách hàng"
"Personal information","Thông tin cá nhân"
"Login information","Thông tin đăng nhập"
"Password Strength:","Độ mạnh mật khẩu:"
"No Password","Không có mật khẩu"
"Please enter your email address below to receive a password reset link.","Vui lòng nhập địa chỉ email của bạn dưới đây để nhận được một liên kết đặt lại mật khẩu."
"Reset My Password","Đặt lại mật khẩu"
"See More Comment","Xem thêm bình luận"
"Add All to Cart","Thêm tất cả vào giỏ hàng"
"Share Wish List","Chia sẻ danh sách"
"%1 Review(s)","%1 bình luận"
"%1 Review","%1 bình luận"
"Content","Nội dung"
"Created review","Ngày đánh giá"
"downloaded","lượt tải"
"Order Shipments","Vận đơn"
"Order","Đơn hàng",module,
"Place Order","Đặt hàng",module,Magento_Sales
"Items Invoiced","Sản phẩm được lập hóa đơn"
"Items Shipped","Sản phẩm đã được vận chuyển"
"Customer Note","Lời nhắn",module,Magenest_OrderExtraInformation
"Additional Information","Thông tin bổ sung",module,Magenest_OrderExtraInformation
"VAT Invoice Information","Thông tin hóa đơn VAT",module,Magenest_OrderExtraInformation
"There is no order in this state.","Chưa có đơn hàng nào trong trạng thái này."
"%1 Item(s)","%1 sản phẩm"
"%1 Item","%1 sản phẩm"
"%1 Wishlist","%1 sản phẩm"
"%1 Wishlist(s)","%1 sản phẩm"
"%1 Order","%1 đơn hàng"
"%1 Order(s)","%1 đơn hàng"
"%1 Address","%1 địa chỉ"
"%1 Address(s)","%1 địa chỉ"
"per page","đơn hàng trên trang",module,Magenest_OrderExtraInformation
"per page","địa chỉ trên trang",module,Magento_Review
"Cancel Order","Hủy Đơn Hàng"
"To place an order, please add a delivery address","Để đặt hàng, vui lòng thêm địa chỉ nhận hàng"
"Total","Tổng thanh toán"
"You can create an account after completing the payment","Bạn có thể tạo tài khoản sau khi hoàn tất thanh toán"
"Invalid login or password.","Thông tin đăng nhập không hợp lệ."
"Kcoin Wallet","Ví Kcoin"
"Wallet information","Thông tin ví"
"Number of KCoins available","Số KCoin đang có"
"Number of KCoin on hold","Số KCoin tạm giữ"
"Total received","Tổng đã nhận"
"Used","Đã sử dụng"
"Transaction history","Lịch sử giao dịch"
"Customer transactions","Giao dịch khách hàng"
"Created Date","Ngày tạo"
"Statistics of balances","Thống kê số dư"
"6 Months Ago","6 tháng trước"
"1 Year Ago","1 năm trước"
"2 Years Ago","2 năm trước"
"3 Years Ago","3 năm trước"
"Invalid ID format.","Định dạng ID không hợp lệ."
"Save payment information","Lưu thông tin thanh toán"
"Withdrawal","Rút tiền"
"Current balance: ","Số dư hiện có: "
"Amount to withdraw:","Số tiền cần rút:"
"Enter the amount","Nhập số tiền"
"Kangaroo wallet withdrawal conditions:","Điều kiện rút tiền ví Kangaroo:"
"Detail","Chi tiết"
"Date created","Ngày tạo"
"Withdrawal amount","Số tiền rút"
"Cancellation of withdrawal request unless the withdrawal request has been processed by Kangaroo"," Được hủy yêu cầu rút tiền trừ trường hợp yêu cầu rút đã được Kangaroo xử lý"
"Note:","Lưu ý:",module,Magenest_Affiliate
"Sales policy","Chính sách bán hàng"
"Coupon","Phiếu giảm giá"
"Link and referral code","Link và mã giới thiệu"
"Create Refer Url","Tạo link giới thiệu"
"Refer Url","Liên kết giới thiệu"
"Refer Code","Mã giới thiệu"
"Your referral email","Email giới thiệu của bạn"
"Create Link","Tạo link"
"Enter email subject","Nhập tiêu đề email"
"Enter the amount","Nhập số tiền"
"Your message","Tin nhắn của bạn"
"Send invitations","Gửi lời mời"
"Copy","Sao chép"
"Copied","Đã sao chép"
"Employee code","Mã nhân viên"
"Referral code","Mã giới thiệu"
"(If you do not have an employee ID, please ignore this content)","(Nếu bạn không có mã nhân viên, vui lòng bỏ qua nội dung này)"
"(If you don't have email or referral code, please ignore this)","(Nếu bạn không có email hoặc mã giới thiệu, vui lòng bỏ qua nội dung này)"
"ID number/CCCD","Số CMND/CCCD"
"License date","Ngày cấp"
"Issued by","Nơi cấp"
"Picture of CMND/CCCD front side","Hình ảnh CMND/CCCD mặt trước"
"Picture of CMND/ CCCD on the back side","Hình ảnh CMND/CCCD mặt sau"
"Select image","Chọn ảnh"
"Social account will have default password equal to email. Please changes it after first logging in!","Tài khoản mạng xã hội sẽ có mật khẩu mặc định là email tài khoản. Để bảo mật tài khoản, vui lòng không chia sẻ mật khẩu cho người khác."
"You are viewing products in your area: ","Bạn đang xem hàng ở khu vực: "
"Confirm","Xác nhận"
"Confirm Password","Xác nhận mật khẩu"
"You have no stored payment methods.","Bạn chưa lưu thông tin thanh toán nào."
"Kangarooshopping retail channel directly from Kangaroo corporation","Kangarooshopping kênh bán lẻ trực tiếp từ tập đoàn Kangaroo"
"OR","Hoặc"
"New to Kangaroo?","Bạn mới biết đến Kangaroo ?"
"Reset Password","Đặt lại mật khẩu"
"Email","Email"
"Adding...","Đang thêm ..."
"Added","Đã thêm"
"If there is an account associated with %1 you will receive an email with a link to reset your password.","Link lấy lại mật khẩu vừa được gửi tới %1, vui lòng kiểm tra email của bạn và đặt lại mật khẩu."
"What’s on your mind?","Bạn đang lo lắng gì vậy?"
"available stock at","hàng có sẵn tại"
"Welcome to","Chào mừng bạn đến với"
"Your shopping cart is empty","Giỏ hàng của bạn còn trống"
"Buy now","Mua ngay"
"No product","Chưa có sản phẩm"
"No product","Chưa có sản phẩm"
"Jot us a note and we’ll get back to you as quickly as possible.","Để lại lời nhắn và chúng tôi sẽ giúp đỡ bạn nhanh nhất có thể"
"Contact Us","Liên hệ với chúng tôi"
"What’s on your mind?","Bạn đang nghĩ gì vậy?"
"General Subscription","Tích chọn để đăng ký"
"Newsletter Subscription","Đăng ký nhận thông báo"
"Something went wrong while saving your subscription.","Đã xảy ra lỗi khi lưu đăng ký của bạn."
"We're unable to send the password reset email.","Chúng tôi không thể gửi email đặt lại mật khẩu."
"Please select your desired delivery area so that we can better serve you","Vui lòng chọn khu vực giao hàng mong muốn để chúng tôi phục vụ bạn tốt hơn"
"Created comment","Ngày bình luận"
"New Product","Hàng mới"
"reduction","giảm"
"You need to choose options for your item.","Bạn cần chọn các tùy chọn cho mặt hàng của mình."
"The product's required option(s) weren't entered. Make sure the options are entered and try again.","Các tùy chọn bắt buộc của sản phẩm chưa được nhập. Đảm bảo rằng các tùy chọn đã được nhập và thử lại"
"Please check your email for confirmation key.","Liên kết kích hoạt tài khoản đã được gửi tới Email của bạn. Vui lòng kiểm tra email và ấn xác nhận để kích hoạt tài khoản"
"This account is not confirmed. <a href=""%1"">Click here</a> to resend confirmation email.","Tài khoản chưa được được xác nhận. Vui lòng kiểm tra email và ấn xác nhận để kích hoạt tài khoản hoặc nhấn ""<a href=""%1"">Vào đây</a>"" để nhận email kích hoạt mới."
"You must confirm your account. Please check your email for the confirmation link or <a href=""%1"">click here</a> for a new link.","Bạn đã đăng ký tài khoản thành công. Vui lòng kiểm tra email và ấn xác nhận để kích hoạt tài khoản. Nếu bạn chưa nhận được Email nhấn ""<a href=""%1"">Vào Đây</a>"" để nhận liên kết kích hoạt mới."
"There is already an account with this email %2. If you are sure that it is your email address, <a href=""%1"">click here</a> to get your password and access your account.","Email %2 đã được đăng ký tài khoản trên Kangarooshopping. Nếu địa chỉ email trên là của bạn, hãy nhấn ""<a href=""%1"">Vào Đây</a>"" để lấy lại mật khẩu và đăng nhập"
"Incorrect CAPTCHA","Mã xác thực không chính xác"
"Reload captcha","Tải mã xác thực mới"
"Please enter captcha below","Vui lòng nhập mã xác thực bên dưới"
"Created comment","Ngày bình luận"
"See more","Xem thêm"
"reviews","đánh giá"
"above","trên"
"The account sign-in was incorrect or your account is disabled temporarily. Please wait and try again later.","Tài khoản của bạn không chính xác hoặc đang bị khóa tạm thời. Vui lòng chờ và thử lại sau."
"The account sign-in was incorrect. Please wait and try again later.","Tài khoản của bạn không chính xác. Vui lòng thử lại sau."
"Your account is disabled temporarily. Please wait and try again later.","Tài khoản của bạn đang bị khóa tạm thời. Vui lòng chờ và thử lại sau."
"You saved the account information.","Thay đổi thông tin tài khoản thành công."
"You changed password successfully.","Thay đổi mật khẩu thành công."
"Specific Address","Địa chỉ cụ thể"
"New password and confirmation password are not matched","Mật khẩu mới và mật khẩu xác nhận không giống nhau"
"The coupon code ""%1"" is not valid.","Mã giảm giá ""%1"" không hợp lệ"
"Wish List Sharing","Chia sẻ danh sách yêu thích"
"Email addresses, separated by commas","Địa chỉ Email (Được phân cách bằng dấu phẩy ' , ')"
"Your wish list has been shared.","Danh sách yêu thích của bạn đã được chia sẻ."
"Set a New Password","Đặt mật khẩu mới"
"Just your message, no need to put Refer Url here.","Chỉ cần tin nhắn của bạn, không cần đặt Url giới thiệu ở đây."
"Please fill in one of the links from our store such as: Product Url, Category URL or other page's URL into the text box above.","Nhập đường link bạn muốn chia sẻ và ấn ""Tạo Link"" để lấy link liên kết có mã giới thiệu của bạn."
"I agree to the terms and conditions","Chấp nhận điều khoản"
"%1 Transaction","%1 giao dịch"
"%1 Transaction(s)","%1 giao dịch"
"Processing time is 02 working days","Thời gian xử lý tối đa 02 ngày"
"Total of %1 email(s) has been sent successfully.","Tổng số %1 email đã được gửi thành công."
"There is an error occurred while sending email to: %1. Please check and try again later.","Đã xảy ra lỗi khi gửi email đến:% 1. Vui lòng kiểm tra và thử lại sau."
"Refer friends feature not available now. Please use this feature later.","Tính năng giới thiệu bạn bè hiện không khả dụng. Vui lòng sử dụng tính năng này sau."
"Pay Per Sale","Trả tiền cho mỗi lần bán hàng"
"Default Campaign","Chiến dịch mặc định"
"Coupon code","Mã giảm giá"
"Referrals should enter the code at customer account sign up or affiliate sign up page.","Chia sẻ mã giới thiệu này đến bạn bè khi mời đăng ký thành viên mới để nhận ưu đãi."
"Choose a bank","Chọn ngân hàng"
"Please choose your bank","Vui lòng chọn ngân hàng của bạn"
"Account holder","Chủ tài khoản"
"Employee ID (For Kangaroo's employees)","Mã nhân viên (Dành cho nhân viên của Kangaroo)"
"ID Number","Số CCCD"
"ID Front","Ảnh mặt trước"
"ID Back","Ảnh mặt sau"
"The value of the ""%s"" attribute isn\'t unique. Set a unique value and try again.","Giá trị của thuộc tính ""%s"" không phải là duy nhất. Đặt một giá trị duy nhất và thử lại."
"We can't find products matching the selection.","Chúng tôi không thể tìm thấy sản phẩm phù hợp với lựa chọn."
"Order # %1","Đơn hàng # %1"
"Payment to the seller:","Thanh toán cho người bán:"
"%1's Wish List","Danh sách yêu thích của %1"
"Add to Wish List","Thêm vào danh sách yêu thích"
"The coupon code is not valid to apply with affiliate promotion","Mã giảm giá này không được phép sử dụng với sản phẩm giảm giá thành viên"
"The value of the ""%1"" attribute isn't unique. Set a unique value and try again.","Thông tin ""%1"" đang bị trùng. Vui lòng đổi giá trị mới và thử lại"
"%1 has been added to your Wish List.","%1 đã được thêm vào danh sách sản phẩm yêu thích."
"Click <a href=""%1"">here</a> to continue shopping."
"Please select a payment method.","Vui lòng chọn một phương thức thanh toán."
"Successfully","Thành công"
"Coupon prefix is exists.","Phiếu giảm giá đã tồn tại."
"Enter the email","Nhập email"
"Discount Program","Chương trình chiết khấu"
"Set up payment","Thiết lập thanh toán"
"You saved the address.","Thêm mới địa chỉ thành công."
"Are you sure you want to delete this address?","Bạn có chắc chắn muốn xóa địa chỉ này?"
"You have not set a default shipping address.","Bạn chưa có địa chỉ mặc định, vui lòng thêm mới."
"Load root image","Tải ảnh gốc"
"Ship To:","Thông tin nhận hàng"
"See Details","Chi tiết"
"Shipping & Handling","Phí vận chuyển"
"Choose a voucher","Chọn mã giảm giá"
"Your coupon was successfully applied.","Mã giảm giá đã được áp dụng thành công."
"Your coupon was successfully removed.","Mã giảm giá đã được hủy áp dụng."
"Please check billing address information.","Vui lòng kiểm tra thông tin địa chỉ"
"""%fieldName"" is required. Enter and try again.","Dữ liệu ""%fieldName"" bị thiếu hoặc không chính xác."
"You canceled the order.","Bạn đã hủy đơn đặt hàng."
"Tax deduction","Phí thuế"
"Total commission","Tổng tiền đơn hàng"
"You used coupon code ""%1"".","Mã giảm giá ""%1"" đã được áp dụng thành công."
"Canceled", "Đã hủy"
"You canceled the coupon code.","Mã giảm giá đã được hủy áp dụng."
"An error has occurred.","Có lỗi xảy ra."
"Current customer does not have an active cart.", "Giỏ hàng của quý khách đang trống. Vui lòng thêm sản phẩm và thử lại"
"Discount (%1)", "Voucher (%1)"
"Buy %1 for %2 each and <strong class=""benefit"">save<span class=""percent tier-%3"">&nbsp;%4</span>%</strong>","Mua %1 giảm thêm <span class=""percent tier-%3"">&nbsp;%4</span>% chỉ còn %2"
"We can't post your review right now.", "Chúng tôi không thể đăng bài đánh giá của bạn ngay bây giờ"
"Apply Discount Code", "Chọn mã giảm giá"
"Enter discount code", "Nhập mã giảm giá"
"Valid until: ", "HSD: "
"Limited Offer: ", "Số lượt dùng: "
"Awarded: ", "Lượt dùng: "
"Use Now", "Dùng ngay"
"...See more", "...Xem thêm"
"Usage limit: ", "Số lượt dùng: "
"Unlimited", "Không giới hạn"
"Exp: ", "HSD: "
"Saved", "Đã lưu"
"My Coupon", "Kho Voucher"
"Coupon Page", "Mã giảm giá"
"You updated your password.","Bạn đã thay đổi mật khẩu thành công"
"Need Review", "Các sản phẩm cần đánh giá"
"RePayment","Thanh toán lại"
"Installment Purchase", "Mua trả góp"
"Installment Purchase", "Mua trả góp"
"Delivery address", "Địa chỉ nhận hàng"
"You do not have a shipping address. Please enter the address now", "Bạn chưa có địa chỉ giao hàng. Vui lòng nhập địa chỉ ngay"
"Add address", "Thêm địa chỉ"
"Price", "Đơn giá",module,Magento_Checkout
"Leave a message for Kangaroo", "Để lại lời nhắn cho Kangaroo"
"Form of transportation", "Hình thức vận chuyển"
"(VAT included if any)", "(Đã bao gồm VAT nếu có)"
"KCoin", "Điểm KCoin"
"KPoint", "Điểm KPoint"
"Issue company invoice", "Xuất hóa đơn công ty"
"Clicking ""Place Order"" means that you agree to comply", "Nhấn ""Đặt hàng"" đồng nghĩa với việc bạn đồng ý tuân theo"
"Kangaroo Terms", "Điều khoản Kangaroo"
"Use", "Dùng"
"points KPoint.", "điểm KPoint"
"Please pay the prepayments in installment terms","Vui lòng thanh toán các khoản trả trước trong điều khoản trả góp"
"With QR Code","Bằng quét mã QR"
"or cash on delivery","hoặc thanh toán tiền mặt khi nhận hàng"
"QR Code Not found","Không tìm thấy mã QR"
"Please provide shipping information", "Vui lòng điền thông tin giao hàng"
"Please select shipping method", "Ấn chọn hình thức vận chuyển ngay"
"Shipping method", "Phương thức vận chuyển", module,Magento_Checkout
"Company information", "Thông tin công ty"
"Can choose 1", "Có thể chọn 1"
"Shipping method", "Phương thức vận chuyển", module,Magento_Checkout
"Please provide shipping information", "Vui lòng điền thông tin giao hàng"
"Please select shipping method", "Ấn chọn hình thức vận chuyển ngay"
"Find", "Tìm thấy"
"result", "kết quả"
"[Default]", "[Mặc định]"
"The shipping method is missing. Select the shipping method and try again.", "Phương thức vận chuyển bị thiếu. Chọn phương thức vận chuyển và thử lại."
"Please scan the QR code on the Mobile Banking App to complete the payment", "Vui lòng quét mã QR trên App Mobile Banking để hoàn tất thanh toán"
"Deposit code was issued successfully", "Mã nộp tiền được cấp thành công"
"The Session had been expired in: ", "Mã QR sẽ hết hạn sau: "
"Choose installment bank", "Chọn ngân hàng trả góp"
"Choose installment amount", "Chọn số tiền trả góp"
"Choose the number of installment months", "Chọn số tháng trả góp"
"Via credit card", "Qua thẻ tín dụng"
"Number of months in installments", "Số tháng trả góp"
"Installment purchase price", "Giá mua trả góp"
"Installment payment per month", "Góp mỗi tháng"
"Total amount payable", "Tổng tiền phải trả"
"Policy with direct payment", "Chính sách với mua trả thẳng"
"Points applied successfully.", "Sử dụng KPoint thành công."
"Points applied unsuccessfully.", "Sử dụng KPoint thất bại."
"Points deleted successfully.", "Hủy sử dụng KPoint."
"Installment purchase", "Mua trả góp"
"Choose buy", "Chọn mua"
"Pay now", "Thanh toán ngay"
"Choose another discount code", "Chọn mã giảm giá khác"
"Choose another code", "Chọn mã khác"
"points KPoints.", "điểm KPoints."
"Order placed successfully!", "Đơn hàng được đặt thành công!"
"by ", "bằng cách "
"scanning the QR code", "quét mã QR"
"or", "hoặc"
"pay in cash", "thanh toán bằng tiền mặt"
"upon receipt", "khi nhận hàng"
"Total amount prepaid", "Tổng số tiền trả trước"
"Go to order detail", "Tới chi tiết đơn hàng"
"Product price", "Giá sản phẩm"
"Installment price", "Giá trả góp"
"Total installment amount", "Tổng tiền trả góp"
"Months", "Tháng"
"Installment payment first month","Góp tháng đầu tiên"
"Street Details Address", "Địa chỉ cụ thể số nhà, tên xóm,..."
"Customer Delivery Telephone", "Nhập số điện thoại nhận hàng"
"Place Order Now","Đặt hàng ngay"
"Please select city, district and ward", "Vui lòng chọn tỉnh/thành phố, quận/huyện, phường/xã"
"Customer Fullname", "Nhập họ và tên"
"Scan QR code to pay", "Quét mã QR để thanh toán"
"You need to scan the QR using the mobile banking app to complete the payment for the order", "Bạn cần quét QR bằng ứng dụng mobile banking để hoàn tất thanh toán cho đơn hàng"
"please do not close this browser.", "vui lòng không đóng trình duyệt này."
"Payment for your order means that you agree to abide by the ", "Thanh toán đơn hàng đồng nghĩa với việc bạn đồng ý tuân theo "
"Payment for order number", "Thanh toán cho đơn hàng"
"Or transfer via bank account:", "Hoặc chuyển khoản vào số tài khoản sau:"
"Shipping Discount", "Giảm giá phí vận chuyển"
"You are withdrawing money to your bank account number.", "Bạn đang rút tiền về tài khoản ngân hàng số."
"Account number:", "Số tài khoản:"
"Account name:", "Tên chủ thẻ:"
"Bank name:", "Tên ngân hàng:"
"Enter the amount to withdraw", "Nhập số tiền cần rút"
"All", "Tất cả"
"Used", "Đã dùng"
"Received", "Đã nhận"
"Transaction", "Giao dịch"
"Work", "Hoạt động"
"See details", "Xem chi tiết"
"Sponsored CTV", "CTV bảo trợ"
"Create Referral Link", "Tạo liên kết giới thiệu"
"Membership class", "Hạng thành viên"
"Set up payment", "Thiết lập thanh toán"
"Back to profile", "Trở lại hồ sơ"
"Sales", "Doanh số"
"Pending", "Chờ duyệt",module,Magenest_Affiliate
"Temporary commission", "Hoa hồng tạm tính"
"This month", "Tháng này"
"Today", "Hôm nay"
"Set up payment", "Thiết lập thanh toán"
"CTV Information", "Thông tin CTV"
"Back side photo", "Ảnh mặt sau"
"Front photo", "Ảnh mặt trước"
"Please select a city.", "Vui lòng chọn"
"Please select a ward", "Vui lòng chọn"
"Contributor class", "Hạng cộng tác viên"
"Membership offers", "Ưu đãi hạng thành viên"
"To increase rank", "Để tăng hạng"
"Not reached", "Chưa đạt"
"Eligible", "Đã đủ điều kiện"
"Selling an additional", "Bán thêm"
"order","đơn hàng"
"to upgrade to", "để thăng hạng"
"Sell goods and accumulate enough orders to promote members.", "Bán hàng và tích đủ số đơn để thăng hạng thành viên."
"The higher the rank, the more attractive the offer", "Thứ hạng càng cao, ưu đãi càng hấp dẫn"
"Class exclusive offers", "Ưu đãi độc quyền hạng"
"Your total sales", "Tổng doanh số của bạn"
"Create referral link", "Tạo liên kết giới thiệu"
"How to create a referral link?", "Làm sao để tạo liên kết giới thiệu?"
"Policy & Terms", "Chính sách & điều khoản"
"Referral code", "Mã giới thiệu"
"Create an introductory email", "Tạo email giới thiệu"
"Please click the 'Create Link Now' button to generate a referral link", "Vui lòng nhấn nút 'Tạo link ngay' để tạo link giới thiệu"
"Email subject", "Tiêu đề Email"
"Content of introductory email", "Nội dung email giới thiệu"
"Email content", "Nội dung email"
"Send email", "Gửi Email"
"Create a link now", "Tạo link ngay"
"The account you referred", "Tài khoản bạn đã giới thiệu"
"Time Order", "Thời gian đặt hàng"
"Kcoin wallet transaction details", "Chi tiết giao dịch ví Kcoin"
"Amount of money", "Số tiền"
"Fees tax", "Thuế phí"
"Code orders:","Mã đơn hàng:"
"Trading code:","Mã giao dịch:"
"How to create a referral link?", "Làm sao để tạo liên kết giới thiệu?"
"Sex", "Giới tính"
"Male", "Nam"
"Female", "Nữ"
"Other", "Khác"
